kind,name,refs,skins,refs_all_archives
object-model,player,8258,193,14136
object-model,view,6642,184,11314
object-model,theme,4500,130,7448
object-model,view.width,2695,102,4574
object-model,view.height,2622,106,4455
object-model,player.controls,2214,184,3770
object-model,player.settings,2076,177,3564
object-model,mediacenter,1816,144,3159
object-model,theme.savepreference,1811,94,2945
object-model,player.currentmedia,1630,190,2815
object-model,theme.loadpreference,1584,94,2596
element-method,moveto,1131,127,2192
object-model,event,1065,79,1832
object-model,player.settings.volume,1016,168,1728
object-model,mediacenter.videozoom,947,78,1626
object-model,player.controls.currentposition,820,164,1373
element-method,alphablendto,566,36,921
object-model,player.launchurl,554,131,1003
object-model,player.currentmedia.imagesourcewidth,538,165,957
object-model,theme.openview,524,89,889
element-method,setcolumnresizemode,501,142,861
object-model,view.close,412,176,714
object-model,player.playstate,397,132,700
object-model,player.openstate,386,165,673
object-model,mediacenter.effecttype,383,135,660
object-model,mediacenter.effectpreset,367,135,636
object-model,player.settings.mute,367,100,610
object-model,event.keycode,366,72,616
object-model,player.currentmedia.getiteminfo,338,133,571
object-model,player.currentmedia.duration,293,162,494
object-model,player.settings.getmode,274,92,483
object-model,player.controls.pause,273,150,465
object-model,player.controls.play,264,139,449
object-model,player.currentmedia.name,226,166,393
object-model,player.settings.balance,220,83,380
object-model,view.size,218,83,375
object-model,player.controls.stop,218,123,373
object-model,view.returntomediacenter,205,170,358
object-model,view.minimize,203,173,355
object-model,player.controls.isavailable,199,76,334
wmploc-132,osmediaopen,178,104,340
object-model,player.currentplaylist,177,44,245
object-model,player.settings.setmode,174,84,313
element-method,reset,173,137,307
object-model,theme.currentviewid,172,48,299
element-method,next,170,153,300
object-model,theme.closeview,170,78,293
object-model,player.url,167,117,293
object-model,theme.opendialog,164,114,283
object-model,player.controls.currentpositionstring,154,114,276
object-model,player.status,138,84,235
object-model,player.currentmedia.imagesourceheight,128,88,224
element-method,previous,126,118,222
object-model,player.controls.next,126,102,218
object-model,player.controls.previous,125,102,216
element-method,nextpreset,108,103,189
element-method,previouspreset,100,97,174
object-model,player.network,97,61,181
object-model,view.minheight,93,42,149
object-model,player.currentplaylist.count,82,31,115
object-model,mediacenter.videostretchtofit,81,17,160
object-model,view.minwidth,76,40,124
object-model,player.mediacollection,64,15,84
object-model,player.network.downloadprogress,63,49,113
object-model,view.timerinterval,56,23,99
wmploc-132,psplaying,52,39,97
object-model,theme.playsound,51,16,95
object-model,player.currentmedia.durationstring,49,38,82
object-model,event.shiftkey,44,5,86
object-model,player.currentplaylist.name,43,10,50
element-method,close,39,30,75
object-model,player.playlistcollection,37,7,60
object-model,view.backgroundimage,35,35,57
wmploc-132,pspaused,34,28,62
wmploc-132,psstopped,34,31,61
object-model,player.cdromcollection,33,20,48
object-model,mediacenter.videoshrinktofit,29,15,59
object-model,event.button,26,2,51
object-model,player.mediacollection.getmediaatom,25,5,25
object-model,player.fullscreen,24,24,38
object-model,event.screenheight,23,6,38
object-model,player.dvd,20,5,32
object-model,player.dvd.isavailable,20,5,32
object-model,view.focusobjectid,18,5,36
element-method,appenditem,17,7,20
object-model,player.currentmedia.sourceurl,16,12,32
object-model,theme.loadstring,16,3,32
element-method,settings,16,16,30
object-model,player.cdromcollection.item,16,15,30
object-model,player.playlistcollection.getbyname,16,6,23
object-model,player.network.bufferingprogress,14,9,28
element-method,minimize,13,12,26
element-method,getitem,13,4,13
wmploc-132,psundefined,12,11,23
object-model,player.controls.fastforward,12,7,22
object-model,player.controls.fastreverse,12,7,22
object-model,player.currentplaylist.setiteminfo,12,3,18
object-model,player.mediacollection.getbyattribute,12,6,14
element-method,returntomediacenter,11,10,22
implicit-method,previous,11,11,19
implicit-method,hilightme,10,1,20
implicit-method,playme,10,1,20
object-model,player.currentplaylist.getiteminfo,10,5,20
object-model,player.playlistcollection.newplaylist,9,1,18
wmploc-132,osundefined,9,8,18
object-model,player.versioninfo,9,5,16
object-model,player.mediacollection.getall,9,7,13
object-model,event.offsety,8,1,16
object-model,player.network.bandwidth,8,7,16
object-model,theme.openviewrelative,8,2,16
implicit-method,next,8,7,14
element-method,deleteall,8,6,10
object-model,player.network.bitrate,7,6,14
element-method,deleteselected,7,7,10
object-model,player.mediacollection.add,7,7,10
object-model,player.currentmedia.setiteminfo,7,7,8
object-model,player.newplaylist,7,5,7
implicit-method,moveto,6,2,12
object-model,event.offsetx,6,1,12
object-model,mediacenter.showtitles,6,1,12
element-method,setcolumnwidth,6,4,8
element-method,gainlevels,5,5,10
element-method,show,5,3,10
object-model,player.mediacollection.getattributestringcollection,5,2,10
wmploc-132,osplaylistopennomedia,5,3,9
element-method,nexteffect,4,4,8
element-method,previouseffect,4,4,8
implicit-method,alphablendto,4,1,8
object-model,event.ctrlkey,4,2,8
object-model,event.y,4,1,8
object-model,player.controls.currentpostion,4,4,8
object-model,player.mediacollection.getbyalbum,4,2,8
object-model,player.settings.rate,4,1,8
object-model,view.title,4,2,8
wmploc-132,osplaylistloading,4,4,8
wmploc-132,psready,4,4,8
wmploc-132,psscanforward,4,2,8
wmploc-132,psscanreverse,4,2,8
element-method,presettitle,3,3,6
implicit-method,toggleeqvis,3,1,6
object-model,event.screenwidth,3,1,6
object-model,player.playlistcollection.getall,3,2,6
object-model,player.playlistcollection.remove,3,2,6
object-model,player.settings.mode,3,3,6
wmploc-132,osmediachanging,3,2,6
wmploc-132,osplaylistchanged,3,2,6
wmploc-132,osplaylistchanging,3,2,6
element-method,deleteitem,3,1,3
implicit-method,toggleprefs,2,1,6
implicit-method,gotobig,2,2,4
implicit-method,gotogears,2,2,4
object-model,event.srcelement,2,1,4
object-model,event.srcelement.id,2,1,4
object-model,mediacenter.contrastmode,2,1,4
object-model,player.controls.seek,2,2,4
object-model,player.controls.volume,2,2,4
object-model,player.currentmedia.getattributename,2,2,4
object-model,player.network.receptionquality,2,2,4
object-model,player.network.sourceprotocol,2,1,4
object-model,player.settings.autostart,2,2,4
object-model,player.settings.bass,2,1,4
object-model,player.settings.brightness,2,1,4
object-model,player.settings.contrast,2,1,4
object-model,player.settings.hue,2,1,4
object-model,player.settings.playcount,2,2,4
object-model,player.settings.saturation,2,1,4
object-model,player.settings.treble,2,1,4
object-model,view.maxheight,2,1,4
object-model,view.maxwidth,2,1,4
wmploc-132,osbeginindividualization,2,2,4
wmploc-132,osbeginlicenseacquisition,2,2,4
wmploc-132,osendindividualization,2,2,4
wmploc-132,osendlicenseacquisition,2,2,4
wmploc-132,osmediaconnecting,2,2,4
wmploc-132,osmedialoading,2,2,4
wmploc-132,osmedialocating,2,2,4
wmploc-132,osmediaopening,2,2,4
wmploc-132,osmediawaiting,2,2,4
wmploc-132,osplaylistconnecting,2,2,4
wmploc-132,osplaylistlocating,2,2,4
wmploc-132,osplaylistopening,2,2,4
wmploc-132,psbuffering,2,2,4
wmploc-132,pstransitioning,2,2,4
wmploc-132,pswaiting,2,2,4
element-method,abortcopy,2,2,2
element-method,copy,2,2,2
object-model,event.clientx,2,1,2
implicit-method,checkifopen,1,1,3
implicit-method,moveleftshellpl,1,1,3
implicit-method,slidepl,1,1,3
element-method,onendmove,1,1,2
element-method,prev,1,1,2
element-method,size,1,1,2
implicit-method,determinevisscreen2,1,1,2
implicit-method,showshowtime,1,1,2
object-model,mediacenter.showeffects,1,1,2
object-model,player.cdromcollection.count,1,1,2
object-model,player.controls.eject,1,1,2
object-model,player.controls.repeat,1,1,2
object-model,player.controls.shuffle,1,1,2
object-model,player.currentmedia.attributecount,1,1,2
object-model,player.currentplaylist.isidentical,1,1,2
object-model,player.currentplaylist.item,1,1,2
object-model,player.mediacollection.getbyauthor,1,1,2
object-model,player.mediacollection.getbygenre,1,1,2
object-model,player.modechange,1,1,2
object-model,player.network.maxbitrate,1,1,2
object-model,player.playlistcollection.importplaylist,1,1,2
object-model,player.playstate.value,1,1,2
object-model,player.settings.enableerrordialogs,1,1,2
object-model,player.settings.invokeurls,1,1,2
object-model,view.alphablendto,1,1,2
wmploc-132,psreconnecting,1,1,2
implicit-method,showandhide,1,1,1
object-model,player.artist,1,1,1
object-model,player.artist.name,1,1,1
object-model,player.cocntrols,1,1,1
object-model,player.cocntrols.currentposition,1,1,1
object-model,player.currentartist,1,1,1
object-model,player.currentartist.name,1,1,1
object-model,player.currentmedia.title,1,1,1
